ID	Box	Pop	Temp	Diet	Phosphorus	GUT	Days_spent	N_clutches	N_clutches_per day	Av_stick_height	Ctmax_time	Ctmax_temp	Cons_animal	Cons_plant	Animal_per_day	Plant_per_day	Ratio_A:P	Total_cons	Cons_rate	Ini_weight	Fin_weight	Growth_rate	Shell_IL	Shell_IAA	Shell_FL	Shell_FAA
001	1	SE	20	A	0	x	74	0	0	0.633333333333333	196	37.3	579.597575757576	0	7.83239967239968	0		579.597575757576	7.94	171.86	279.66	1.45675675675676	9.40833333333333	31.2206666666667	14.3666666666667	85.8903333333333
002	1	SE	20	A	0	x	74	0	0	1.08333333333333	193	36.1	1430.68575757576	0	19.3335913185913	0		1430.68575757576	19.6	200.91	1028.85	11.1883783783784	11.49	39.1166666666667	25.9113333333333	220.772
007	1	SE	20	P	0	x	74	0	0	0.983333333333333	217	38.4	0	949.244848484848	0	12.8276330876331		949.244848484848	13	195.4	491.46	4.00081081081081	11.0626666666667	36.6536666666667	19.4596666666667	127.513
011	1	SE	20	A	3	x	74	0	0	1.08333333333333	206	37.4	807.857121212121	0	10.9169881244881	0		807.857121212121	11.07	119.68	431.01	4.20716216216216	9.096	29.097	17.15	100.031
012	1	SE	20	A	3	x	74	0	0	1.3	220	39.4	1100.77166666667	0	14.8752927927928	0		1100.77166666667	15.08	175.09	920.4	10.0717567567568	11.935	35.924	25.381	195.137666666667
013	1	SE	20	M	0	x	70	6	0.0857142857142857	0.3	212	38	517.603636363637	622.958181818182	7.39433766233766	8.8994025974026	01:01.20	1140.56181818182	16.53	110.81	409.3	4.26414285714286	8.73166666666667	29.3453333333333	16.087	109.773666666667
014	1	SE	20	M	0	x	70	1	0.0142857142857143	0.416666666666667	215	38.4	338.541818181818	291.169090909091	4.83631168831169	4.15955844155844	1 : 0.86	629.710909090909	9.13	51.83	269.54	3.11014285714286	7.50366666666667	15.4726666666667	13.7896666666667	60.9793333333333
015	1	SE	20	M	3	x	74	43	0.581081081081081	0.883333333333333	207	38.2	425.494393939394	448.322525252525	5.74992424242424	6.0584125034125	1 : 1.05	873.816919191919	11.97	154.73	171.85	0.231351351351351	11.2196666666667	40.1966666666667	11.8646666666667	55.6596666666667
018	1	SE	20	P	3	x	74	9	0.121621621621622	0.5	222	39.1	0	639.579191919192	0	8.64296205296205		639.579191919192	8.76	94.56	308.05	2.885	9.09266666666667	27.7696666666667	16.5083333333333	84.367
019	2	SE	20	A	0	x	74	4	0.0540540540540541	0.583333333333333	232	39.9	733.700303030303	0	9.91486895986896	0		733.700303030303	10.05	114.42	413.96	4.04783783783784	9.24166666666667	31.3173333333333	16.5193333333333	94.8323333333333
020	2	SE	20	A	0	x	74	1	0.0135135135135135	0.383333333333333	216	38.4	677.556666666667	0	9.15617117117117	0		677.556666666667	9.28	178.88	374.98	2.65	11.154	42.3306666666667	16.0936666666667	82.494
023	2	SE	20	M	3	x	74	5	0.0675675675675676	0.45	221	39.1	391.068484848485	430.444646464647	5.28470925470926	5.81681954681955	1 : 1.1	821.513131313132	11.25	136.36	255.85	1.61472972972973	9.85933333333333	42.8106666666667	13.7186666666667	86.1506666666667
026	2	SE	20	P	0	x	74	0	0	0.466666666666667	196	37.4	0	571.458484848485	0	7.72241195741196		571.458484848485	7.83	138.52	429.04	3.92594594594595	8.69366666666667	29.3223333333333	16.9446666666667	98.3183333333333
027	2	SE	20	P	3	x	74	0	0	0.533333333333333	227	39.6	0	564.245555555556	0	7.62493993993994		564.245555555556	7.73	141.67	371.16	3.10121621621622	9.28966666666667	29.6293333333333	16.2076666666667	89.3703333333333
031	2	SE	20	M	0	x	74	0	0	0.633333333333333	214	38.2	601.028484848485	499.855757575758	8.12200655200655	6.75480753480753	1 : 0.83	1100.88424242424	15.08	116	453.73	4.56391891891892	8.522	28.2836666666667	16.7756666666667	110.263
034	2	SE	20	P	0	x	74	0	0	1.36666666666667	229	40	0	1433.22575757576	0	19.3679156429156		1433.22575757576	19.63	175.69	1230.73	14.2572972972973	12.291	41.3876666666667	27.903	219.273666666667
035	2	SE	20	P	3	x	74	0	0	1.23333333333333	208	38.3	0	679.402222222222	0	9.18111111111111		679.402222222222	9.31	170.45	435.9	3.58716216216216	10.8303333333333	36.6483333333333	16.8676666666667	101.271333333333
036	2	SE	20	P	3	x	74	0	0	0.45	220	38.7	0	329.644646464647	0	4.45465738465739		329.644646464647	4.52	125.02	134.22	0.124324324324324	9.81733333333333	33.7483333333333	12.3326666666667	50.1523333333333
039	3	SE	20	A	3	x	74	0	0	0.466666666666667	208	37.6	771.60893939394	0	10.4271478296478	0		771.60893939394	10.57	196.74	522.13	4.39716216216216	10.998	45.4923333333333	17.521	116.126666666667
040	3	SE	20	M	0	x	74	8	0.108108108108108	0.283333333333333	215	39.9	444.082121212121	526.463939393939	6.00110974610975	7.11437755937756	1 : 1.19	970.54606060606	13.3	229.42	429.9	2.70918918918919	11.8383333333333	49.1473333333333	16.2953333333333	87.4336666666667
041	3	SE	20	M	3	x	74	26	0.351351351351351	0.833333333333333	215	39	431.568484848485	438.344646464646	5.83200655200655	5.9235763035763	1 : 1.02	869.913131313131	11.92	148.77	196.3	0.642297297297297	10.0963333333333	34.2016666666667	12.5336666666667	54.7416666666667
042	3	SE	20	M	3	x	74	0	0	0.416666666666667	211	38.6	444.742575757576	372.066767676768	6.01003480753481	5.02792929292929	1 : 0.84	816.809343434344	11.19	211.69	339.3	1.72445945945946	11.531	50.7	15.5093333333333	76.7223333333333
044	3	SE	20	P	0	x	74	0	0	0.7	218	38.6	0	471.460303030303	0	6.37108517608518		471.460303030303	6.46	168.2	242.42	1.00297297297297	10.265	33.0853333333333	13.7826666666667	63.37
046	3	SE	20	A	0	x	74	0	0	0.616666666666667	215	38.4	318.525757575758	0	4.30440212940213	0		318.525757575758	4.36	97.56	213.6	1.56810810810811	8.25	20.817	12.802	59.8686666666667
047	3	SE	20	A	3	x	74	0	0	1.20689655172414	217	39.2	1134.85303030303	0	15.3358517608518	0		1134.85303030303	15.55	164.55	985.7	11.0966216216216	11.5466666666667	33.562	24.7973333333333	201.493
048	3	SE	20	A	3	x	74	0	0	0.8	210	38.5	425.69803030303	0	5.75267608517609	0		425.69803030303	5.83	148.43	180.8	0.437432432432432	10.229	37.758	12.0006666666667	51.0276666666667
050	3	SE	20	M	0	x	74	0	0	0.55	209	38.5	520.81303030303	454.358484848485	7.03801392301392	6.13997952497952	1 : 0.87	975.171515151515	13.36	118.89	565.52	6.03554054054054	9.01833333333333	24.5766666666667	18.006	110.258333333333
051	3	SE	20	M	3	x	74	2	0.027027027027027	1.06666666666667	223	39.2	586.40893939394	689.168585858586	7.92444512694513	9.313088998089	1 : 1.18	1275.57752525253	17.47	162.29	473.36	4.20364864864865	10.4833333333333	38.0076666666667	19.1223333333333	122.598666666667
053	3	SE	20	P	3	x	74	0	0	0.866666666666667	221	39.9	0	763.602222222222	0	10.318948948949		763.602222222222	10.46	191.15	391.4	2.70608108108108	10.8016666666667	39.6096666666667	16.7713333333333	80.8403333333333
055	4	SE	20	A	0	x	74	2	0.027027027027027	0.25	212	38.7	501.541212121212	0	6.77758394758395	0		501.541212121212	6.87	205.98	207.59	0.0217567567567569	12.0246666666667	51.5913333333333	11.975	61.6093333333333
057	4	SE	20	A	3	x	74	0	0	0.633333333333333	219	39.7	433.872121212121	0	5.86313677313678	0		433.872121212121	5.94	84.35	320.98	3.1977027027027	7.927	21.45	14.9536666666667	74.1803333333333
059	4	SE	20	M	3	x	74	3	0.0405405405405405	0.65	215	38.4	397.52393939394	497.011919191919	5.37194512694513	6.71637728637729	1 : 1.25	894.535858585859	12.25	168.13	396.56	3.08689189189189	10.5283333333333	42.182	14.686	82.0603333333333
060	4	SE	20	M	3	x	74	0	0	0.65	199	37.5	722.357121212121	699.012828282828	9.76158271908272	9.4461193011193	1 : 0.97	1421.36994949495	19.47	141.66	812.5	9.06540540540541	9.82866666666667	29.5296666666667	20.5986666666667	133.611666666667
063	4	SE	20	P	3	x	74	0	0	0.8	211	38.5	0	695.390707070707	0	9.39717171717172		695.390707070707	9.53	229.28	358.1	1.74081081081081	11.214	50.48	14.7143333333333	94.669
064	4	SE	20	A	0	x	74	0	0	0.816666666666667	205	38	769.587575757576	0	10.3998321048321	0		769.587575757576	10.54	126.05	381.7	3.45472972972973	9.814	32.357	16.282	88.946
065	4	SE	20	A	3	x	74	1	0.0135135135135135	1.33333333333333	198	37.6	930.10893939394	0	12.5690397215397	0		930.10893939394	12.74	236.63	595.01	4.84297297297297	11.8993333333333	49.0133333333333	18.419	118.269333333333
066	4	SE	20	A	3	x	74	0	0	1.05	226	39.5	943.760757575758	0	12.7535237510238	0		943.760757575758	12.93	89.56	803.81	9.65202702702703	9.493	22.4006666666667	22.9153333333333	179.455
068	4	SE	20	M	0	x	74	0	0	0.4	203	37.7	611.000303030303	619.754848484848	8.25676085176085	8.37506552006552	1 : 1.01	1230.75515151515	16.86	136.74	626.79	6.6222972972973	8.89266666666667	27.125	17.9793333333333	99.2006666666667
071	4	SE	20	P	3	x	74	4	0.0540540540540541	0.466666666666667	213	38.6	0	821.480101010101	0	11.1010824460824		821.480101010101	11.25	145.37	536.16	5.28094594594595	9.96633333333333	27.8193333333333	18.226	95.8453333333333
072	4	SE	20	P	3	x	74	1	0.0135135135135135	1.26666666666667	202	38	0	970.025252525253	0	13.1084493584494		970.025252525253	13.29	285.91	989.72	9.51094594594595	14.0576666666667	52.6313333333333	25.2593333333333	194.084
103	5	SE	14	A	3	x	74	1	0.0135135135135135	0.766666666666667	197	36.6	589.549848484849	0	7.96688984438985	0		589.549848484849	8.08	116.28	381.6	3.58540540540541	9.34333333333333	28.9916666666667	16.3116666666667	86.5583333333333
105	5	SE	14	M	3	x	74	0	0	0.716666666666667	195	36.5	421.246212121212	334.478282828283	5.69251638001638	4.5199767949768	1 : 0.79	755.724494949495	10.35	164.14	468.08	4.1072972972973	10.096	33.0386666666667	17.923	114.638333333333
106	5	SE	14	M	3	x	74	16	0.216216216216216	0.0666666666666667	202	38	227.894393939394	291.722525252525	3.07965397215397	3.94219628719629	1 : 1.28	519.616919191919	7.12	94.91	148.75	0.727567567567568	7.82233333333333	22.7256666666667	10.511	42.3126666666667
110	5	SE	14	A	0	x	74	5	0.0675675675675676	1.36666666666667	185	35.4	783.674848484849	0	10.5902006552007	0		783.674848484849	10.74	159.9	588.63	5.79364864864865	11.154	31.0646666666667	21.6723333333333	137.027333333333
113	5	SE	14	M	0	x	74	2	0.027027027027027	0.416666666666667	204	37.3	265.410303030303	245.364848484848	3.58662571662572	3.31574119574119	1 : 0.92	510.775151515152	7	122.81	305.19	2.46459459459459	8.963	25.0046666666667	14.1133333333333	65.9253333333333
118	5	SE	14	P	3	x	74	3	0.0405405405405405	0.933333333333333	192	37	0	582.679191919192	0	7.87404313404313		582.679191919192	7.98	154.97	413.17	3.48918918918919	10.8076666666667	30.447	19.013	110.500333333333
121	6	SE	14	A	3	x	74	0	0	0.45	185	36.2	541.375757575758	0	7.31588861588862	0		541.375757575758	7.42	148.24	348.51	2.70635135135135	9.417	29.972	15.1633333333333	73.942
122	6	SE	14	M	0	x	74	5	0.0675675675675676	0.683333333333333	205	37.7	382.725757575758	370.662121212121	5.1719696969697	5.00894758394758	1 : 0.97	753.387878787879	10.32	207.24	595.63	5.24851351351351	12.132	37.42	21.763	146.987666666667
123	6	SE	14	M	3	x	74	0	0	0.65	215	38.4	271.542575757576	223.066767676768	3.66949426699427	3.01441577941578	1 : 0.82	494.609343434344	6.78	109.6	191.63	1.10851351351351	8.656	22.7563333333333	12.37	41.9736666666667
124	6	SE	14	M	3	x	74	0	0	0.583333333333333	210	38	214.016666666667	160.588888888889	2.89211711711712	2.17012012012012	1 : 0.75	374.605555555556	5.13	95.47	227.85	1.78891891891892			12.9183333333333	52.4863333333333
125	6	SE	14	P	0	x	74	0	0	0.716666666666667	210	38	0	295.963939393939	0	3.99951269451269		295.963939393939	4.05	140.23	216.16	1.02608108108108	9.102	29.791	12.0676666666667	38.55625
127	6	SE	14	P	3	x	74	5	0.0675675675675676	1.06666666666667	218	38.6	0	664.457070707071	0	8.9791496041496		664.457070707071	9.1	186.32	438.83	3.4122972972973	11.0013333333333	34.0183333333333	19.1386666666667	107.137333333333
128	6	SE	14	A	0	x	74	5	0.0675675675675676	0.75	187	35.7	672.331212121212	0	9.08555692055692	0		672.331212121212	9.21	193.33	610.28	5.63445945945946	12.181	37.8636666666667	21.42	137.992333333333
129	6	SE	14	A	3	x	74	3	0.0405405405405405	0.883333333333333	191	36.8	468.949848484849	0	6.33716011466012	0		468.949848484849	6.42	138.16	398.06	3.51216216216216	10.918	29.8663333333333	17.2166666666667	92.7793333333333
130	6	SE	14	A	3	x	74	0	0	0.25	178	35.2	345.068484848485	0	4.66308763308764	0		345.068484848485	4.73	125.31	241.16	1.56554054054054	9.44233333333333	30.7036666666667	13.05	56.8006666666667
133	6	SE	14	M	3	x	74	3	0.0405405405405405	1.28333333333333	185	35.9	631.627575757576	456.323434343434	8.53550778050778	6.1665328965329	1 : 0.72	1087.95101010101	14.9	213.62	804.22	7.98108108108108	12.221	38.153	22.7523333333333	172.195
134	6	SE	14	P	0	x	74	6	0.0810810810810811	1.06666666666667	214	38.6	0	743.950303030303	0	10.0533824733825		743.950303030303	10.19	165.67	501.1	4.53283783783784	11.167	30.605	20.8946666666667	125.040333333333
135	6	SE	14	P	3	x	74	5	0.0675675675675676	0.683333333333333	187	36.1	0	618.368585858586	0	8.35633224133224		618.368585858586	8.47	119.23	421.33	4.08243243243243	10.5696666666667	28.581	20.3883333333333	114.097666666667
138	7	SE	14	A	0	x	74	0	0	0.683333333333333	204	37.6	407.641212121212	0	5.50866502866503	0		407.641212121212	5.58	282.44	481.02	2.68351351351351	12.9463333333333	69.49	13.6836666666667	85.939
142	7	SE	14	M	3	x	74	1	0.0135135135135135	0.433333333333333	216	38.8	184.490757575758	162.21101010101	2.49311834561835	2.19204067704068	1 : 0.88	346.701767676768	4.75	77.74	114.25	0.493378378378378	8.02733333333333	18.2723333333333	8.91766666666667	29.8013333333333
144	7	SE	14	P	0	x	74	0	0	0.716666666666667	208	37.6	0	244.066666666667	0	3.2981981981982		244.066666666667	3.34	198.92	230.47	0.426351351351351	10.796	36.5933333333333	11.6166666666667	50.415
146	7	SE	14	A	0	x	74	12	0.162162162162162	0.633333333333333	180	35.6	272.266666666667	0	3.67927927927928	0		272.266666666667	3.73	99.53	122.87	0.315405405405405	7.741	22.7326666666667	10.941	39.937
147	7	SE	14	A	3	x	74	0	0	0.533333333333333	200	37	622.831212121212	0	8.416638001638	0		622.831212121212	8.53	239.14	571.47	4.49094594594595	10.937	41.3536666666667	17.3063333333333	131.074333333333
148	7	SE	14	A	3	x	74	3	0.0405405405405405	1.63333333333333	195	37	722.583030303031	0	9.76463554463555	0		722.583030303031	9.9	236	650.1	5.59594594594595	12.6146666666667	46.0116666666667	21.588	153.247666666667
155	8	SE	14	A	0	x	74	0	0	0.383333333333333	195	37.1	427.084848484849	0	5.77141687141687	0		427.084848484849	5.85	196.1	321.7	1.6972972972973	11.0463333333333	38.4703333333333	13.134	63.08
157	8	SE	14	A	3	x	74	0	0	1.1	202	37.4	321.468484848485	0	4.34416871416872	0		321.468484848485	4.4	118.24	240.95	1.65824324324324	8.74033333333333	26.7513333333333	11.6616666666667	52.0413333333333
158	8	SE	14	M	0	x	74	3	0.0405405405405405	1.21666666666667	176	35.4	400.982121212121	265.663939393939	5.41867731367731	3.59005323505323	1 : 0.66	666.646060606061	9.13	112.81	505.41	5.30540540540541	10.535	26.8596666666667	17.4733333333333	104.675666666667
160	8	SE	14	M	3	x	74	0	0	0.516666666666667	189	36.7	230.042575757576	225.566767676768	3.10868345618346	3.04819956319956	1 : 0.98	455.609343434344	6.24	94.09	326.88	3.14581081081081	8.386	19.8176666666667	13.5893333333333	62.8473333333333
166	8	SE	14	A	3	x	74	0	0	0.566666666666667	206	37.4	447.52393939394	0	6.04762080262081	0		447.52393939394	6.13	128.1	361.73	3.15716216216216	9.546	27.028	15.206	73.672
167	8	SE	14	M	0	x	74	0	0	0.233333333333333	197	37	177.651212121212	149.969393939394	2.40069205569206	2.02661343161343	1 : 0.84	327.620606060606	4.49	56.8	146.34	1.21	6.87933333333333	14.931	10.2556666666667	34.356
168	8	SE	14	M	0	x	74	4	0.0540540540540541	1.48333333333333	182	35.2	501.91303030303	450.558484848485	6.78260851760852	6.08862817362817	1 : 0.9	952.471515151515	13.05	146.55	623.8	6.44932432432433	11.0003333333333	29.5666666666667	23.2956666666667	162.777666666667
170	8	SE	14	P	0	x	74	0	0	0.483333333333333	204	38.2	0	260.168484848485	0	3.51579033579033		260.168484848485	3.56	158.52	273.81	1.55797297297297	9.86833333333333	27.0096666666667	13.5793333333333	56.5126666666667
171	8	SE	14	P	3	x	74	29	0.391891891891892	1	171	34.8	0	564.201313131313	0	7.62434206934207		564.201313131313	7.73	244.69	211.95	-0.442432432432433			12.98	68.351
202	9	PT	14	A	0	x	60	6	0.1	0.875	195	36.8	761.175444444444	0	12.6862574074074	0		761.175444444444	12.9	651.27	827.4	2.9355	19.6456666666667	119.673	21.23	139.707666666667
204	9	PT	14	M	0	x	60	2	0.0333333333333333	1.5	206	37.9	163.938111111111	542.327055555555	2.73230185185185	9.03878425925925	1 : 3.31	706.265166666666	11.97	344.74	537.8	3.21766666666667	15.3946666666667	63.3573333333333	19.0963333333333	93.2813333333334
207	9	PT	14	P	0	x	60	0	0	0.75	199	37.3	0	503.567416666667	0	8.39279027777777		503.567416666667	8.54	374.07	400	0.432166666666667	16.188	71.2916666666667	18.5716666666667	97.8803333333333
209	9	PT	14	P	3	x	60	5	0.0833333333333333	0.916666666666667	184	35.7	0	495.141068376068	0	8.25235113960114		495.141068376068	8.39	392.49	410.4	0.2985	15.8983333333333	73.498	17.8703333333333	90.86
211	9	PT	14	A	3	x	60	5	0.0833333333333333	0.8125	188	36.1	619.078717948718	0	10.3179786324786	0		619.078717948718	10.49	471.7	596.6	2.08166666666667	16.917	99.1	17.6743333333333	101.365
213	9	PT	14	M	0	x	60	5	0.0833333333333333	0.625	193	36.8	253.971138888889	596.639569444444	4.23285231481481	9.94399282407407	1 : 2.35	850.610708333333	14.42	589.54	637.5	0.799333333333334	17.2843333333333	94.8566666666667	19.0633333333333	110.204
216	9	PT	14	P	0	x	60	3	0.05	0.729166666666667	197	37.2	0	693.768430555555	0	11.5628071759259		693.768430555555	11.76	571.92	678.2	1.77133333333333	18.2223333333333	95.68	20.8956666666667	117.521666666667
217	9	PT	14	P	3	x	60	1	0.0166666666666667	0.583333333333333	208	38.1	0	345.218675213675	0	5.75364458689459		345.218675213675	5.85	281.22	385.3	1.73466666666667	12.6053333333333	60.994	14.0633333333333	66.8016666666667
220	10	PT	14	A	0	x	60	7	0.116666666666667	1.45833333333333	177	35.1	557.686805555556	0	9.29478009259259	0		557.686805555556	9.45	257.49	526.4	4.48183333333333	14.4726666666667	51.481	18.8956666666667	91.017
223	10	PT	14	M	3	x	60	10	0.166666666666667	0.583333333333333	195	36.9	122.660769230769	298.538076923077	2.04434615384616	4.97563461538462	1 : 2.43	421.198846153846	7.14	258.77	279.8	0.350500000000001	13.1816666666667	55.1156666666667	13.579	54.2223333333333
225	10	PT	14	P	0	x	60	3	0.05	1.5625	180	35.2	0	540.914541666667	0	9.01524236111111		540.914541666667	9.17	361.97	452.4	1.50716666666667	15.8283333333333	68.0956666666667	17.6913333333333	89.6853333333333
229	10	PT	14	A	3	x	60	6	0.1	0.958333333333333	184	35.8	706.677435897436	0	11.7779572649573	0		706.677435897436	11.98	315.79	620.5	5.0785	14.7706666666667	54.4966666666667	19.6546666666667	99.6516666666667
230	10	PT	14	A	3	x	60	0	0	1.20833333333333	171	34.6	596.695641025641	0	9.94492735042735	0		596.695641025641	10.11	473.42	689.1	3.59466666666667	17.3096666666667	73.8866666666667	20.066	101.530333333333
231	10	PT	14	M	0	x	60	5	0.0833333333333333	1.29166666666667	208	37.9	154.938111111111	534.027055555555	2.58230185185185	8.90045092592592	1 : 3.45	688.965166666666	11.68	344.59	487.8	2.38683333333333	15.5806666666667	67.0413333333333	18.25	92.583
233	10	PT	14	M	3	x	60	3	0.05	0.625	181	35.4	147.832051282051	425.695797720798	2.46386752136752	7.0949299620133	1 : 2.88	573.527849002849	9.72	341.55	565.6	3.73416666666667	15.3626666666667	64.7066666666667	17.3263333333333	80.531
234	10	PT	14	P	0	x	60	4	0.0666666666666667	1.0625	196	36.7	0	562.561666666667	0	9.37602777777778		562.561666666667	9.53	453.11	517.1	1.0665	16.622	82.7066666666667	17.9966666666667	101.511333333333
239	11	PT	14	A	3	x	60	3	0.05	0.916666666666667	181	35.4	355.607435897436	0	5.9267905982906	0		355.607435897436	6.03	407.71	465.8	0.968166666666666	16.269	84.2876666666667	17.7133333333333	88.4333333333333
240	11	PT	14	M	0	x	60	5	0.0833333333333333	1.29166666666667	166	34.2	200.807694444444	431.581847222222	3.34679490740741	7.19303078703704	1 : 2.15	632.389541666666	10.72	224.1	368.5	2.40666666666667	12.9956666666667	45.131	15.632	63.3743333333333
243	11	PT	14	P	0	x	60	2	0.0333333333333333	0.416666666666667	212	38.4	0	449.120291666667	0	7.48533819444444		449.120291666667	7.61	330.5	462.3	2.19666666666667	15.4266666666667	60.7106666666667	17.1266666666667	77.818
244	11	PT	14	P	0	x	60	1	0.0166666666666667	1	155	32.9	0	639.994361111111	0	10.6665726851852		639.994361111111	10.85	599.67	603.6	0.0654999999999992	17.6643333333333	102.574333333333	20.6613333333333	135.568
245	11	PT	14	P	3	x	60	3	0.05	0.979166666666667	186	35.9	0	525.931367521368	0	8.76552279202279		525.931367521368	8.91	451.1	497.2	0.768333333333333	16.0463333333333	77.079	18.0846666666667	93.603
246	11	PT	14	A	0	x	60	4	0.0666666666666667	1.35416666666667	154	32.9	709.445027777778	0	11.8240837962963	0		709.445027777778	12.02	471.87	732.9	4.3505	17.4276666666667	83.1766666666667	20.4936666666667	114.73
250	11	PT	14	M	0	x	60	0	0	0.729166666666667	201	37.5	105.428583333333	329.320291666667	1.75714305555555	5.48867152777777	1 : 3.12	434.748875	7.37	405.69	443.2	0.625166666666667	16.8216666666667	75.8503333333333	17.4473333333333	80.1756666666667
251	11	PT	14	M	3	x	60	6	0.1	0.979166666666667	198	37.2	236.494358974359	593.366695156695	3.94157264957265	9.88944491927825	1 : 2.51	829.861054131054	14.07	314.08	568.7	4.24366666666667	15.4456666666667	63.2276666666667	19.1493333333333	94.5496666666667
253	11	PT	14	P	3	x	57	2	0.0350877192982456	0.541666666666667	157	33.1	0	696.556994301994	0	12.220298145649		696.556994301994	12.44	689.37	851.4	2.84263157894737	19.444	142.669	20.31	141.64
256	12	PT	14	A	0	x	60	3	0.05	1.45833333333333	198	37	612.568527777778	0	10.209475462963	0		612.568527777778	10.38	562.3	742.3	3	17.573	99.327	19.4656666666667	118.153
259	12	PT	14	M	3	x	60	0	0	0.9375	218	38.9	125.806153846154	384.570170940171	2.09676923076923	6.40950284900285	1 : 3.06	510.376324786325	8.65	325.84	372.4	0.776	14.9033333333333	63.4063333333333	16.0576666666667	69.3146666666667
260	12	PT	14	M	3	x	60	2	0.0333333333333333	0.708333333333333	192	36.5	237.795641025641	544.350527065527	3.96326068376069	9.07250878442545	1 : 2.29	782.146168091168	13.26	366.76	454.7	1.46566666666667	15.4356666666667	79.8876666666667	16.619	92.343
263	12	PT	14	P	3	x	60	4	0.0666666666666667	0.5	183	35.6	0	449.270170940171	0	7.48783618233618		449.270170940171	7.61	281.55	421.7	2.33583333333333	15.0676666666667	55.174	17.5233333333333	75.099
265	12	PT	14	A	3	x	60	0	0	1.08333333333333	189	36.2	251.460769230769	0	4.19101282051282	0		251.460769230769	4.26	218.72	307.6	1.48133333333333	12.153	56.095	13.0876666666667	64.288
266	12	PT	14	A	3	x	60	0	0	0.729166666666667	194	36.7	301.184102564103	0	5.01973504273504	0		301.184102564103	5.1	297.19	420.5	2.05516666666667	12.927	63.7723333333333	13.0876666666667	64.288
269	12	PT	14	M	3	x	60	2	0.0333333333333333	0.5	210	38.3	280.878717948718	575.211723646724	4.68131196581197	9.58686206077873	1 : 2.05	856.090441595442	14.51	385.34	610.1	3.746	16.1823333333333	76.439	18.482	97.5673333333333
271	12	PT	14	P	3	x	60	1	0.0166666666666667	0.958333333333333	193	36.7	0	630.056994301994	0	10.5009499050332		630.056994301994	10.68	453.12	572.3	1.98633333333333	16.4176666666667	81.2813333333333	19.4693333333333	108.679666666667
276	13	PT	14	M	0	x	60	7	0.116666666666667	0.25	195	36.8	131.536416666667	298.422208333333	2.19227361111111	4.97370347222222	1 : 2.27	429.958625	7.29	241.58	402.4	2.68033333333333	11.7563333333333	44.81	14.8003333333333	61.2153333333333
277	13	PT	14	M	3	x	60	0	0	0.625	185	35.8	224.354102564103	603.469928774929	3.73923504273505	10.0578321462488	1 : 2.69	827.824031339031	14.03	306.18	450	2.397	13.788	57.8003333333333	16.802	83.797
283	13	PT	14	A	3	x	60	0	0	0.833333333333333	179	35.3	456.411282051282	0	7.6068547008547	0		456.411282051282	7.74	386.76	559.6	2.88066666666667	14.854	74.1943333333333	17.3233333333333	86.2836666666667
285	13	PT	14	M	0	x	60	4	0.0666666666666667	1.25	213	38.6	229.007694444444	437.681847222222	3.81679490740741	7.2946974537037	1 : 1.91	666.689541666666	11.3	171.41	504.9	5.55816666666667	12.321	36.4946666666667	18.426	78.0926666666667
286	13	PT	14	M	0	x	60	1	0.0166666666666667	0.833333333333333	183	35.7	80.0903333333333	268.173166666667	1.33483888888889	4.46955277777778	1 : 3.35	348.2635	5.9	175.5	266	1.50833333333333	11.9816666666667	45.92	13.4736666666667	58.7886666666667
288	13	PT	14	P	0	x	60	0	0	0.8125	171	34.5	0	215.029875	0	3.58383125		215.029875	3.64	181.9	212.6	0.511666666666667	11.5276666666667	46.0843333333333	11.402	44.8906666666667
289	13	PT	14	P	3	x	60	1	0.0166666666666667	1.04166666666667	214	38.6	0	417.889572649573	0	6.96482621082621		417.889572649573	7.08	202.21	324.1	2.0315	13.6356666666667	43.8883333333333	16.072	63.1416666666667
292	14	PT	14	A	0	x	60	7	0.116666666666667	1.1875	202	37.6	497.451166666667	0	8.29085277777778	0		497.451166666667	8.43	196.77	556.6	5.99716666666667	13.0343333333333	43.766	18.7486666666667	95.001
295	14	PT	14	M	3	x	60	0	0	0.3125	195	36.5	123.060769230769	214.238076923077	2.05101282051282	3.57063461538462	1 : 1.74	337.298846153846	5.72	200.77	244.1	0.722166666666667	12.6303333333333	49.1996666666667	12.6823333333333	50.971
296	14	PT	14	M	3	x	60	0	0	0.5625	174	34.5	153.487948717949	433.047535612536	2.55813247863248	7.21745892687559	1 : 2.82	586.535484330484	9.94	260.55	514.6	4.23416666666667	14.6463333333333	52.6783333333333	17.9246666666667	75.286
298	14	PT	14	P	0	x	60	1	0.0166666666666667	0.604166666666667	196	36.5	0	588.143402777778	0	9.80239004629629		588.143402777778	9.97	355.48	505.7	2.50366666666667	15.1286666666667	67.8223333333333	18.735	93.9706666666667
299	14	PT	14	P	3	x	60	2	0.0333333333333333	0.729166666666667	199	36.8	0	683.427891737892	0	11.3904648622982		683.427891737892	11.58	524.09	654.1	2.16683333333334	17.8786666666667	107.146	19.807	117.674333333333
300	14	PT	14	A	0	x	60	5	0.0833333333333333	0.541666666666667	183	35.8	474.751166666667	0	7.91251944444444	0		474.751166666667	8.05	270.72	577.1	5.10633333333333	14.285	53.7253333333333	19.0883333333333	103.833666666667
301	14	PT	14	A	3	x	60	0	0	1.10416666666667	178	35.3	342.584102564103	0	5.70973504273504	0		342.584102564103	5.81	251.03	485.4	3.90616666666667	13.641	49.172	17.8293333333333	72.3256666666667
305	14	PT	14	M	3	x	60	5	0.0833333333333333	0.604166666666667	195	36.6	302.336923076923	528.334358974359	5.03894871794872	8.80557264957265	1 : 1.75	830.671282051282	14.08	389.65	587.1	3.29083333333333	16.6963333333333	81.1253333333333	18.684	92.1003333333333
306	14	PT	14	P	0	x	60	0	0	0.9375	211	38.5	0	370.57125	0	6.1761875		370.57125	6.28	357.44	486.2	2.146	15.0256666666667	67.5696666666667	16.786	90.0763333333333
309	15	PT	14	A	0	x	60	6	0.1	1.30434782608696	177	35.1	478.443333333333	0	7.97405555555555	0		478.443333333333	8.11	249.56	574.9	5.42233333333333	14.4333333333333	60.0933333333333	18.395	101.669
310	15	PT	14	A	0	x	60	6	0.1	1.10416666666667	174	34.9	538.738111111111	0	8.97896851851852	0		538.738111111111	9.13	241.29	582.9	5.6935	14.116	60.9653333333333	18.9813333333333	99.0746666666667
312	15	PT	14	M	0	x	60	3	0.05	0.416666666666667	162	33.6	143.5825	321.77125	2.39304166666667	5.36285416666667	1 : 2.24	465.35375	7.89	239.07	429.8	3.17883333333333	12.7613333333333	49.6473333333333	17.0853333333333	77.747
317	15	PT	14	P	3	x	60	0	0	0.875	172	34.6	0	420.276638176638	0	7.0046106362773		420.276638176638	7.12	361.82	436.4	1.243	16.064	69.756	17.0763333333333	78.3356666666667
320	15	PT	14	A	3	x	60	6	0.1	1.16666666666667	169	34.4	796.003333333333	0	13.2667222222222	0		796.003333333333	13.49	459.72	825.4	6.09466666666667	17.9873333333333	88.283	21.211	131.291333333333
327	16	PT	14	A	0	x	60	9	0.15	1.20833333333333	170	34	707.942416666667	0	11.7990402777778	0		707.942416666667	12	333.5	637.6	5.06833333333333	16.126	62.1243333333333	19.9656666666667	109.303
329	16	PT	14	A	3	x	60	6	0.1	1.29166666666667	201	37.1	676.863076923077	0	11.2810512820513	0		676.863076923077	11.47	474.71	626.9	2.5365	16.939	101.803	18.7096666666667	119.877333333333
332	16	PT	14	M	3	x	60	5	0.0833333333333333	1.47916666666667	208	37.8	302.687435897436	605.727891737892	5.0447905982906	10.0954648622982	1 : 2	908.415327635328	15.4	405.69	778.6	6.21516666666667	16.1303333333333	78.257	21.3086666666667	135.920666666667
335	16	PT	14	P	3	x	60	0	0	1.04166666666667	201	37.2	0	445.731367521368	0	7.42885612535613		445.731367521368	7.55	274.08	504.3	3.837	13.832	57.6496666666667	17.3946666666667	88.7206666666667
336	16	PT	14	A	0	x	60	8	0.133333333333333	0.833333333333333	209	38.3	639.55025	0	10.6591708333333	0		639.55025	10.84	438.63	617	2.97283333333333	15.906	78.237	18.4673333333333	114.365333333333
340	16	PT	14	M	0	x	60	7	0.116666666666667	1.64583333333333	205	37.5	373.565444444444	810.511722222222	6.22609074074074	13.5085287037037	1 : 2.17	1184.07716666667	20.07	528.99	816	4.7835	17.199	90.4023333333333	21.5236666666667	141.656666666667
348	17	PT	20	M	0	x	57	6	0.105263157894737	1.08333333333333	223	39.6	442.520611111111	992.698305555555	7.76351949317739	17.4157597465887	1 : 2.24	1435.21891666667	25.63	580.41	827.7	4.33842105263158	16.8436666666667	92.6613333333333	23.1116666666667	150.388666666667
351	17	PT	20	P	0	x	60	8	0.133333333333333	1.02083333333333	190	36.5	0	954.271361111111	0	15.9045226851852		954.271361111111	16.17	263.9	493.2	3.82166666666667	13.9303333333333	54.2746666666667	18.2736666666667	100.593
364	18	PT	20	A	0	x	60	6	0.1	1.45833333333333	218	39	1248.53536111111	0	20.8089226851852	0		1248.53536111111	21.16	695.15	1005	5.16416666666666	19.738	114.429666666667	22.682	169.500333333333
365	18	PT	20	A	3	x	55	14	0.254545454545455	0.6875	209	38.1	754.364358974359	0	13.7157156177156	0		754.364358974359	13.97	461.09	456.6	-0.0816363636363628	15.1453333333333	80.0143333333333	16.2163333333333	95.0316666666667
366	18	PT	20	M	0	x	60	2	0.0333333333333333	0.604166666666667	222	39.5	467.170222222222	677.577111111111	7.78617037037037	11.2929518518518	1 : 1.45	1144.74733333333	19.4	210.68	510.2	4.992	12.2646666666667	43.4763333333333	18.9923333333333	97.6563333333333
368	18	PT	20	M	3	x	60	5	0.0833333333333333	1.08333333333333	223	39.7	568.311025641026	961.25650997151	9.47185042735043	16.0209418328585	1 : 1.69	1529.56753561254	25.92	470.84	733.9	4.38433333333333	16.2886666666667	79.926	19.793	125.373666666667
373	18	PT	20	A	3	x	60	8	0.133333333333333	0.625	213	38.6	923.009743589744	0	15.3834957264957	0		923.009743589744	15.64	258.95	619.3	6.00583333333333	13.564	48.056	19.653	114.797666666667
375	18	PT	20	M	0	x	60	10	0.166666666666667	0.6875	218	39.5	591.530611111111	1162.59830555556	9.85884351851852	19.3766384259259	1 : 1.97	1754.12891666667	29.73	386.12	771.6	6.42466666666667	14.9616666666667	69.7883333333333	21.205	130.055333333333
376	18	PT	20	M	0	x	60	2	0.0333333333333333	1.02083333333333	201	37.4	178.274666666667	419.069333333333	2.97124444444444	6.98448888888889	1 : 2.35	597.344	10.12	243	330.2	1.45333333333333	12.2006666666667	51.7646666666667	12.8963333333333	65.7726666666667
381	19	PT	20	A	0	x	60	4	0.0666666666666667	0.666666666666667	217	39.5	1090.81277777778	0	18.180212962963	0		1090.81277777778	18.49	405.81	932.3	8.77483333333333	15.3686666666667	74.9386666666667	22.8383333333333	174.906666666667
390	19	PT	20	A	0	x	60	9	0.15	1.60416666666667	210	38.1	1236.08666666667	0	20.6014444444444	0		1236.08666666667	20.95	421.48	830.9	6.82366666666667	16.23	77.5886666666667	22.674	163.265
391	19	PT	20	A	3	x	60	10	0.166666666666667	1.41666666666667	221	39.3	1334.7458974359	0	22.245764957265	0		1334.7458974359	22.62	354.34	761.6	6.78766666666667	14.9416666666667	62.3103333333333	22.8353333333333	157.580333333333
392	19	PT	20	A	3	x	60	8	0.133333333333333	1.5625	215	39.2	537.394358974359	0	8.95657264957265	0		537.394358974359	9.11	219.59	294	1.24016666666667	11.4043333333333	48.7766666666667	12.2633333333333	64.7576666666667
393	19	PT	20	M	0	x	60	6	0.1	0.895833333333333	284	39.7	443.886666666667	1173.32333333333	7.39811111111111	19.5553888888889	1 : 2.64	1617.21	27.41	491.15	806.9	5.2625	17.4676666666667	93.312	20.1083333333333	134.255666666667
395	19	PT	20	M	3	x	60	7	0.116666666666667	1.26086956521739	219	39	659.612051282051	1234.91746438746	10.9935341880342	20.5819577397911	1 : 1.87	1894.52951566952	32.11	598.7	818.2	3.65833333333333	17.1196666666667	97.1996666666667	21.0866666666667	147.594
397	19	PT	20	P	3	x	60	1	0.0166666666666667	0.625	200	37.5	0	491.595797720798	0	8.19326329534663		491.595797720798	8.33	226.21	290.6	1.07316666666667	12.2626666666667	50.4606666666667	13.2846666666667	65.6343333333333
405	20	PT	20	P	0	x	60	4	0.0666666666666667	0.833333333333333	217	38.9	0	1126.75118055556	0	18.7791863425926		1126.75118055556	19.1	577.85	771.3	3.22416666666667	18.9593333333333	91.7933333333333	20.905	129.024666666667
407	20	PT	20	P	3	x	60	12	0.2	0.4375	214	38.5	0	602.576396011396	0	10.0429399335233		602.576396011396	10.21	268.86	397.7	2.14733333333333	12.674	60.0813333333333	14.0986666666667	78.4256666666667
410	20	PT	20	A	3	x	60	5	0.0833333333333333	1.1875	178	35.3	1169.96025641026	0	19.4993376068376	0		1169.96025641026	19.83	406.35	934.8	8.8075	15.4476666666667	68.2173333333333	20.5813333333333	139.223333333333
421	21	PT	20	M	3	x	60	11	0.183333333333333	0.4375	190	36.9	441.523076923077	650.756752136752	7.35871794871795	10.8459458689459	1 : 1.47	1092.27982905983	18.51	421.11	536	1.91483333333333	14.6416666666667	73.8466666666667	16.3153333333333	91.9356666666667
427	21	PT	20	A	3	x	60	5	0.0833333333333333	0.916666666666667	216	39.4	1109.15512820513	0	18.4859188034188	0		1109.15512820513	18.8	263.89	741	7.95183333333333	13.525	48.5426666666667	20.9553333333333	122.125333333333
433	21	PT	20	P	3	x	60	7	0.116666666666667	1.1875	225	39.7	0	741.266695156695	0	12.3544449192783		741.266695156695	12.56	242.41	382.1	2.32816666666667	12.7366666666667	46.22	16.4873333333333	71.363
434	21	PT	20	P	3	x	60	6	0.1	0.208333333333333	222	39.8	0	579.902264957265	0	9.66503774928775		579.902264957265	9.83	242.98	406.7	2.72866666666667	12.038	50.676	14.5586666666667	70.7513333333333
436	22	PT	20	A	0	x	60	8.5	0.141666666666667	0.854166666666667	218	39.2	1137.34841666667	0	18.9558069444444	0		1137.34841666667	19.28	380.84	811.8	7.18266666666667	15.5323333333333	66.9406666666667	21.634	133.267666666667
438	22	PT	20	M	0	x	60	17	0.283333333333333	0.291666666666667	205	37.9	346.106777777778	605.319388888889	5.7684462962963	10.0886564814815	1 : 1.75	951.426166666666	16.13	339.69	410.2	1.17516666666667	12.6276666666667	71.9093333333333	13.616	81.2633333333333
441	22	PT	20	P	0	x	60	3	0.05	0.666666666666667	243	39	0	969.1425	0	16.152375		969.1425	16.43	563.29	541.8	-0.358166666666667	18.3	111.372333333333	18.9573333333333	116.405
444	22	PT	20	A	0	x	60	10	0.166666666666667	1.08333333333333	227	40	1127.05886111111	0	18.7843143518518	0		1127.05886111111	19.1	396.15	746.6	5.84083333333333	16.2723333333333	81.73	20.247	134.797666666667
445	22	PT	20	A	3	x	60	10	0.166666666666667	1.22916666666667	218	39	1241.92128205128	0	20.698688034188	0		1241.92128205128	21.05	313.61	834.7	8.68483333333333	14.9813333333333	60.3373333333333	20.57	123.161666666667
446	22	PT	20	A	3	x	60	5	0.0833333333333333	0.875	205	38.4	1152.70051282051	0	19.2116752136752	0		1152.70051282051	19.54	714.99	978.2	4.38683333333333	19.0003333333333	139.549666666667	20.052	150.034
447	22	PT	20	M	0	x	60	4	0.0666666666666667	0.666666666666667	214	39.1	485.091472222222	1126.81273611111	8.08485787037037	18.7802122685185	1 : 2.32	1611.90420833333	27.32	421.4	742.8	5.35666666666667	16.6146666666667	81.0883333333333	21.1436666666667	128.785666666667
448	22	PT	20	M	0	x	60	11	0.183333333333333	0.8125	216	39.4	519.158861111111	1210.14543055556	8.65264768518518	20.1690905092593	1 : 2.33	1729.30429166667	29.31	451.52	934.2	8.04466666666667	16.187	78.0763333333333	21.5466666666667	150.220666666667
449	22	PT	20	M	3	x	60	7	0.116666666666667	1	216	38.8	579.478461538462	1255.36273504274	9.65797435897436	20.9227122507123	1 : 2.17	1834.8411965812	31.1	379.04	941.1	9.36766666666667	15.2553333333333	69.4746666666667	19.8223333333333	146.118
450	22	PT	20	P	0	x	60	6	0.1	0.9375	176	34.8	0	1271.09447222222	0	21.1849078703704		1271.09447222222	21.54	459.83	699	3.98616666666667	16.8463333333333	77.176	20.375	122.418333333333
451	22	PT	20	P	3	x	60	6	0.1	0.8125	166	34	0	868.450284900285	0	14.4741714150047		868.450284900285	14.72	364.49	676.1	5.1935	14.787	66.7696666666667	18.347	104.567333333333
453	23	PT	20	A	0	x	60	11	0.183333333333333	0.583333333333333	200	37.5	1245.88405555556	0	20.7647342592593	0		1245.88405555556	21.12	462.29	857.1	6.58016666666667	17.058	92.983	22.279	161.038333333333
456	23	PT	20	M	0	x	60	4	0.0666666666666667	1.02083333333333	218	39.6	284.418888888889	891.369444444444	4.74031481481481	14.8561574074074	1 : 3.13	1175.78833333333	19.93	420.96	579.2	2.63733333333333	16.0996666666667	76.109	18.4153333333333	113.236333333333
457	23	PT	20	M	3	x	60	8	0.133333333333333	1.02083333333333	212	38.4	682.852820512821	1264.60776353276	11.3808803418803	21.0767960588794	1 : 1.85	1947.46058404558	33.01	553.08	928.3	6.25366666666667	17.6636666666667	98.976	21.3256666666667	144.842
459	23	PT	20	P	0	x	60	8	0.133333333333333	0.666666666666667	219	39	0	998.289625	0	16.6381604166667		998.289625	16.92	396.02	657.8	4.363	15.692	69.847	19.2476666666667	107.680666666667
460	23	PT	20	P	0	x	60	6	0.1	1.14583333333333	227	39.9	0	1022.72040277778	0	17.0453400462963		1022.72040277778	17.33	398.14	577.8	2.99433333333333	15.3086666666667	63.4993333333333	19.3143333333333	107.744
467	23	PT	20	M	3	x	60	9	0.15	0.6875	224	39.6	566.670256410257	971.666210826211	9.44450427350428	16.1944368471035	1 : 1.71	1538.33646723647	26.07	445.33	801.9	5.94283333333333	16.2683333333333	80.81	21.8443333333333	143.348666666667
472	24	PT	20	A	0	x	60	7	0.116666666666667	1.25	218	39.7	808.211083333333	0	13.4701847222222	0		808.211083333333	13.7	400.11	605.5	3.42316666666667	15.441	65.1603333333333	18.706	105.283333333333
473	24	PT	20	A	3	x	60	9	0.15	0.916666666666667	190	36.5	1227.23948717949	0	20.4539914529915	0		1227.23948717949	20.8	344.02	764.2	7.003	15.2076666666667	61.0196666666667	22.2763333333333	147.358
474	24	PT	20	M	0	x	60	8	0.133333333333333	1.60416666666667	223	39.5	537.778888888889	1048.26944444444	8.96298148148148	17.4711574074074	1 : 1.95	1586.04833333333	26.88	294.89	760.8	7.76516666666667	13.5856666666667	59.278	20.234	132.311666666667
479	24	PT	20	P	3	x	60	8	0.133333333333333	0.979166666666667	215	39.3	0	1118.45650997151	0	18.6409418328585		1118.45650997151	18.96	398.68	615.1	3.607	16.3806666666667	75.6686666666667	20.556	132.284
480	24	PT	20	A	0	x	60	10	0.166666666666667	1.33333333333333	214	39.1	1021.33366666667	0	17.0222277777778	0		1021.33366666667	17.31	517.47	743.2	3.76216666666667	17.4996666666667	92.2363333333333	20.079	127.264333333333
485	24	PT	20	M	3	x	60	3	0.05	1.16666666666667	201	37.5	487.344358974359	1073.31447293447	8.12240598290599	17.8885745489079	1 : 2.2	1560.65883190883	26.45	564.64	846.9	4.70433333333333	17.7713333333333	100.985	20.1663333333333	145.908666666667
488	24	PT	20	P	3	x	60	3	0.05	1.10416666666667	217	39.5	0	732.685854700855	0	12.2114309116809		732.685854700855		371.88	475.8	1.732	15.0166666666667	62.17	17.3093333333333	93.0493333333333
